,K-Prototype,Hierarchical Gower,FAMD K-Means,Kamila,Modha-Spangler,MixtComp,UMAP-HDBSCAN
K-Prototype,1.0,0.003659287114130847,0.13851313663296294,0.15294167012697976,-7.1673157086877406e-06,-0.002470490746466001,0.0704610414557448
Hierarchical Gower,0.0036592871141302575,1.0,0.009802250245147994,-0.000686659616799374,0.4400281137431353,-0.002439539915790206,0.0022204751683186103
FAMD K-Means,0.13851313663296308,0.009802250245147881,1.0,0.6998426877250215,0.017981906852178507,0.02934233806313493,0.01611746622215592
Kamila,0.15294167012697896,-0.0006866596167994804,0.6998426877250215,1.0,0.003133772666596348,0.031562524184002176,0.01660356223315261
Modha-Spangler,-7.167315708958708e-06,0.4400281137431354,0.017981906852178754,0.003133772666596374,1.0,-0.0016636877312692418,0.005662920592021223
MixtComp,-0.0024704907464666932,-0.0024395399157899154,0.029342338063134105,0.03156252418400245,-0.0016636877312689805,1.0,0.07420549631123248
UMAP-HDBSCAN,0.07046104145574429,0.0022204751683189408,0.01611746622215616,0.016603562233152257,0.005662920592021388,0.07420549631123236,1.0
