,K-Prototype,Hierarchical Gower,FAMD K-Means,Kamila,Modha-Spangler,MixtComp,UMAP-HDBSCAN,Spectral
K-Prototype,1.0,-0.0011291757047152517,0.005259608083342006,0.4023812887617842,0.2983806780631195,0.0012984309830937153,0.00800302383503524,0.8106375599312179
Hierarchical Gower,-0.0011291757047150882,1.0,0.7662599389056822,0.07432315234871727,0.14492625852306326,0.25204232158878187,0.06893211070544435,0.0009144048395577837
FAMD K-Means,0.005259608083341653,0.7662599389056823,1.0,0.09544958177657789,0.17389726654428161,0.23912147040167167,0.07148758843915339,0.00958375191525012
Kamila,0.4023812887617842,0.07432315234871702,0.09544958177657795,1.0,0.6811527768683848,0.05345843962145244,0.10066086096516864,0.4555972437293498
Modha-Spangler,0.2983806780631195,0.1449262585230642,0.1738972665442819,0.6811527768683849,1.0,0.0985174262543554,0.06883935927462037,0.33976969193000234
MixtComp,0.0012984309830940885,0.2520423215887817,0.2391214704016716,0.05345843962145293,0.09851742625435495,1.0,0.056636314539423145,0.0012664979656768426
UMAP-HDBSCAN,0.008003023835034161,0.0689321107054442,0.07148758843915375,0.10066086096516826,0.06883935927462005,0.05663631453942291,1.0,0.01525638072075641
Spectral,0.8106375599312179,0.0009144048395577547,0.009583751915250658,0.4555972437293499,0.339769691930003,0.0012664979656768285,0.015256380720755306,1.0
