,K-Prototype,Hierarchical Gower,FAMD K-Means,Kamila,Modha-Spangler,MixtComp,UMAP-HDBSCAN
K-Prototype,1.0,0.030528330360141933,0.47926172407204093,0.48645881360616366,0.4414727090552196,0.38752869790730443,0.03664618181151932
Hierarchical Gower,0.030528330360141933,1.0,0.03980959869363544,0.03433639929177559,0.024336290801521384,0.031714418815681364,-0.04911330321100641
FAMD K-Means,0.47926172407204093,0.03980959869363544,1.0,0.8630775186627592,0.7909062184739415,0.7499320476209594,0.03601215599795787
Kamila,0.48645881360616366,0.03433639929177559,0.8630775186627592,1.0,0.7593373930068344,0.796238202767279,0.04090269780416694
Modha-Spangler,0.4414727090552196,0.024336290801521384,0.7909062184739415,0.7593373930068344,1.0,0.6741492027773553,0.0288396771061911
MixtComp,0.38752869790730443,0.031714418815681364,0.7499320476209594,0.796238202767279,0.6741492027773553,1.0,0.06856397145518126
UMAP-HDBSCAN,0.03664618181151932,-0.04911330321100641,0.03601215599795787,0.04090269780416694,0.0288396771061911,0.06856397145518126,1.0
