,K-Prototype,Hierarchical Gower,FAMD K-Means,Kamila,Modha-Spangler,MixtComp,UMAP-HDBSCAN
K-Prototype,1.0,0.0038522847150733223,0.1777373595942722,0.20110471124122428,-0.008255478548311601,-0.004007382649638759,0.021096630961696165
Hierarchical Gower,0.0038522847150733223,1.0,0.01371019409572684,-0.0008256040425220836,0.4592789584466013,-0.003189995858580728,0.0004731204634734628
FAMD K-Means,0.1777373595942722,0.01371019409572684,1.0,0.7967278188321576,0.025957126181172324,0.033178762217966964,0.020118329284199942
Kamila,0.20110471124122428,-0.0008256040425220836,0.7967278188321576,1.0,0.007294354584362125,0.033030952016725304,0.01928724600989867
Modha-Spangler,-0.008255478548311601,0.4592789584466013,0.025957126181172324,0.007294354584362125,1.0,-0.006308479356913572,-0.010258140481996282
MixtComp,-0.004007382649638759,-0.003189995858580728,0.033178762217966964,0.033030952016725304,-0.006308479356913572,1.0,0.05074091840039302
UMAP-HDBSCAN,0.021096630961696165,0.0004731204634734628,0.020118329284199942,0.01928724600989867,-0.010258140481996282,0.05074091840039302,1.0
