,K-Prototype,Hierarchical Gower,FAMD K-Means,Kamila,Modha-Spangler,MixtComp,UMAP-HDBSCAN,Spectral
K-Prototype,1.0,-0.003892724272969966,0.0010987554139558452,0.5057381541664482,0.3890256561028403,0.004561812102333228,-0.002104207255086859,0.8828295255249216
Hierarchical Gower,-0.003892724272969966,1.0,0.8569650099212092,0.054544201599461835,0.12383367893270812,0.18675943534036482,0.13947676632434983,-0.0015955467178674681
FAMD K-Means,0.0010987554139558452,0.8569650099212092,1.0,0.080144745458712,0.1599871090538105,0.19324826924598434,0.14025449801529394,0.007324187065291667
Kamila,0.5057381541664482,0.054544201599461835,0.080144745458712,1.0,0.7846976191573697,0.08477135310850109,0.013438267619976012,0.5547407288267368
Modha-Spangler,0.3890256561028403,0.12383367893270812,0.1599871090538105,0.7846976191573697,1.0,0.14453825133722695,0.01136313334707787,0.4321855556915982
MixtComp,0.004561812102333228,0.18675943534036482,0.19324826924598434,0.08477135310850109,0.14453825133722695,1.0,-0.00752565994817559,0.003602019921975882
UMAP-HDBSCAN,-0.002104207255086859,0.13947676632434983,0.14025449801529394,0.013438267619976012,0.01136313334707787,-0.00752565994817559,1.0,0.004809089464941629
Spectral,0.8828295255249216,-0.0015955467178674681,0.007324187065291667,0.5547407288267368,0.4321855556915982,0.003602019921975882,0.004809089464941629,1.0
