,K-Prototype,Hierarchical Gower,FAMD K-Means,Kamila,Modha-Spangler,MixtComp,UMAP-HDBSCAN,Spectral
K-Prototype,1.0,0.4438588899479467,0.5917093167143808,0.5834354191063575,0.4586189480146751,0.5519129971668474,0.4506221893602238,0.7644022769083171
Hierarchical Gower,0.4438588899479467,1.0,0.7704322465238731,0.31322721483249555,0.3523621951143337,0.3089005475625064,0.2541089704931239,0.5465270817167659
FAMD K-Means,0.5917093167143808,0.7704322465238731,1.0,0.44591118608036445,0.47217538938733356,0.4569341978106739,0.43530989970416506,0.6853345586762372
Kamila,0.5834354191063575,0.31322721483249555,0.44591118608036445,1.0,0.5677054239761802,0.7888088509509023,0.3868537609872797,0.49467504982036603
Modha-Spangler,0.4586189480146751,0.3523621951143337,0.47217538938733356,0.5677054239761802,1.0,0.615588957533842,0.3167109469077767,0.4615846526926588
MixtComp,0.5519129971668474,0.3089005475625064,0.4569341978106739,0.7888088509509023,0.615588957533842,1.0,0.4840350789788179,0.46876059296018163
UMAP-HDBSCAN,0.4506221893602238,0.2541089704931239,0.43530989970416506,0.3868537609872797,0.3167109469077767,0.4840350789788179,1.0,0.44062934007547966
Spectral,0.7644022769083171,0.5465270817167659,0.6853345586762372,0.49467504982036603,0.4615846526926588,0.46876059296018163,0.44062934007547966,1.0
